ID;LOCATION;NAME;AREA
49657060;"64.201154;19.714401000000002";Travelmemory 1999;Vindeln