ID,LOCATION,NAME,IMAGE
35125224,"63.910974,19.772624",Minnesfontän,blah_not_used_yet
35125250,"63.915839,19.803425999999998",Klocktornet,blah_not_used_yet
35125236,"63.923030000000004,19.855968999999998",Slöjdarnashus,blah_not_used_yet
35125247,"63.909059000000006,19.736874",Bunkern,blah_not_used_yet
35125228,"63.91119200000001,19.757364999999997",Vännäs Grusplan,blah_not_used_yet
35125249,"63.91561,19.803558",Vännäs Kyrka,blah_not_used_yet
35125232,"63.905369,19.752073000000003",Malak,blah_not_used_yet
35125233,"63.904185,19.7533460",Johanneskyrkan Vännäs,blah_not_used_yet
35125233,"63.902936,19.7503700",Missionskyrkan,blah_not_used_yet