ID;LOCATION;NAME;AREA
1197078;"64.590457;18.68731";Till Minne Av Nybyggarna;Lycksele
36539439;"64.595777;18.675787";Kulan, Fountain in Lycksele;Lycksele
49119131;"64.584294;18.663266";Laxen I Lycksele;Lycksele
36539437;"64.59634100000001;18.669660999999998";Memorial to Z.Bång;Lycksele
36539438;"64.593711;18.678867999999998";Samklang;Lycksele
49119126;"64.603961;18.671722";Skogsmuseum;Lycksele
49119132;"64.60268;18.70650";Norrängskyrkan;Lycksele