ID;LOCATION;NAME;AREA
36539437;"64.59634100000001;18.669660999999998";Memorial to Z.B책ng;Lycksele
36539438;"64.593711;18.678867999999998";Samklang;Lycksele
36539440;"64.594421;18.677726";M책ne Och H채st.;Lycksele
36539434;"64.594865;18.670492";Lycksele Travel Center;Lycksele
49119131;"64.584294;18.663266";Laxen I Lycksele;Lycksele
49119128;"64.584053;18.665734";Lycksele Zoo;Lycksele
49119130;"64.598097;18.672888";Font채nen;Lycksele
36539439;"64.595777;18.675787";Kulan, Fountain in Lycksele;Lycksele
49119129;"64.594624;18.674325999999997";Templet;Lycksele
49119126;"64.603961;18.671722";Skogsmuseum;Lycksele
36539436;"64.590234;18.68467";Flottarminne;Lycksele
1197078;"64.590457;18.68731";Till Minne Av Nybyggarna;Lycksele
49119127;"64.598423;18.675801";Kyrkan;Lycksele
